-- ============================================================
-- App2: 開発状況確認ダッシュボード シードデータ
-- App1と同一の事業部・サービスIDを使用
-- ============================================================

-- ────────────────────────────────────────
-- 事業部（App1と同一ID）
-- ────────────────────────────────────────
INSERT INTO business_units (id, name, description) VALUES
  ('b0000001-0000-0000-0000-000000000001', 'エンタープライズSaaS事業部',    'BtoB向けクラウドサービスを展開'),
  ('b0000002-0000-0000-0000-000000000002', 'コンシューマーゲーム事業部',    'スマートフォン・PC向けゲームを開発・運営'),
  ('b0000003-0000-0000-0000-000000000003', 'メディア・コンテンツ事業部',    '動画・音楽・電子書籍配信サービスを提供'),
  ('b0000004-0000-0000-0000-000000000004', 'フィンテック事業部',            '決済・送金・家計管理サービスを展開'),
  ('b0000005-0000-0000-0000-000000000005', 'ヘルスケア・ウェルネス事業部', '健康管理・フィットネスアプリを提供');

-- ────────────────────────────────────────
-- サービス（App1と同一ID）
-- ────────────────────────────────────────
INSERT INTO services (id, business_unit_id, name, description) VALUES
  ('e0000001-0000-0000-0000-000000000001', 'b0000001-0000-0000-0000-000000000001', 'CloudHR Pro',        'クラウド型人事・給与管理SaaS'),
  ('e0000002-0000-0000-0000-000000000002', 'b0000001-0000-0000-0000-000000000001', 'SmartCRM',           '中小企業向けCRM・営業支援ツール'),
  ('e0000003-0000-0000-0000-000000000003', 'b0000001-0000-0000-0000-000000000001', 'DocFlow',            'クラウド文書管理・ワークフロー自動化'),
  ('e0000004-0000-0000-0000-000000000004', 'b0000002-0000-0000-0000-000000000002', 'FantasyQuest Mobile','本格RPGスマートフォンゲーム'),
  ('e0000005-0000-0000-0000-000000000005', 'b0000002-0000-0000-0000-000000000002', 'PuzzleBurst',        'カジュアルパズルゲーム'),
  ('e0000007-0000-0000-0000-000000000007', 'b0000003-0000-0000-0000-000000000003', 'StreamNow',          '動画ストリーミングサービス'),
  ('e0000008-0000-0000-0000-000000000008', 'b0000003-0000-0000-0000-000000000003', 'MelodyBox',          '音楽ストリーミングサービス'),
  ('e000000b-0000-0000-0000-00000000000b', 'b0000004-0000-0000-0000-000000000004', 'PayEasy',            'QRコード決済・送金サービス'),
  ('e000000e-0000-0000-0000-00000000000e', 'b0000005-0000-0000-0000-000000000005', 'FitTracker',         'フィットネス・運動記録アプリ'),
  ('e000000f-0000-0000-0000-00000000000f', 'b0000005-0000-0000-0000-000000000005', 'HealthDiary',        '健康日記・バイタル記録アプリ');

-- ────────────────────────────────────────
-- 部署
-- ────────────────────────────────────────
INSERT INTO departments (id, name, default_hourly_rate, description) VALUES
  ('de000001-0000-0000-0000-000000000001', 'SaaSプロダクト開発部',  6500, 'CloudHR Pro / SmartCRM / DocFlow の開発'),
  ('de000002-0000-0000-0000-000000000002', 'ゲーム開発部',          6000, 'FantasyQuest Mobile / PuzzleBurst の開発'),
  ('de000003-0000-0000-0000-000000000003', 'メディアプロダクト部',  6200, 'StreamNow / MelodyBox の開発'),
  ('de000004-0000-0000-0000-000000000004', 'フィンテック開発部',    7500, 'PayEasy / InvestGuide の開発'),
  ('de000005-0000-0000-0000-000000000005', 'ヘルスケア開発部',      6000, 'FitTracker / HealthDiary の開発'),
  ('de000006-0000-0000-0000-000000000006', 'QA・テスト部',          5500, '全サービスの品質保証'),
  ('de000007-0000-0000-0000-000000000007', 'インフラ・SRE部',       8000, 'インフラ運用・信頼性エンジニアリング'),
  ('de000008-0000-0000-0000-000000000008', 'デザイン部',            6000, 'UI/UXデザイン全般');

-- ────────────────────────────────────────
-- メンバー
-- ────────────────────────────────────────
INSERT INTO members (id, department_id, name, hourly_rate, status) VALUES
  -- SaaSプロダクト開発部
  ('ee000001-0000-0000-0000-000000000001', 'de000001-0000-0000-0000-000000000001', '田中 一郎',  7000, 'active'),
  ('ee000002-0000-0000-0000-000000000002', 'de000001-0000-0000-0000-000000000001', '鈴木 花子',  6500, 'active'),
  ('ee000003-0000-0000-0000-000000000003', 'de000001-0000-0000-0000-000000000001', '佐藤 次郎',  6000, 'active'),
  ('ee000004-0000-0000-0000-000000000004', 'de000001-0000-0000-0000-000000000001', '山田 三子',  6500, 'active'),
  ('ee000005-0000-0000-0000-000000000005', 'de000001-0000-0000-0000-000000000001', '伊藤 四郎',  NULL, 'active'),  -- 部署デフォルト(6500)
  -- ゲーム開発部
  ('ee000006-0000-0000-0000-000000000006', 'de000002-0000-0000-0000-000000000002', '中村 五郎',  6500, 'active'),
  ('ee000007-0000-0000-0000-000000000007', 'de000002-0000-0000-0000-000000000002', '小林 六花',  6000, 'active'),
  ('ee000008-0000-0000-0000-000000000008', 'de000002-0000-0000-0000-000000000002', '加藤 七海',  NULL, 'active'),
  -- メディアプロダクト部
  ('ee000009-0000-0000-0000-000000000009', 'de000003-0000-0000-0000-000000000003', '吉田 八郎',  7000, 'active'),
  ('ee00000a-0000-0000-0000-00000000000a', 'de000003-0000-0000-0000-000000000003', '山口 九子',  6200, 'active'),
  ('ee00000b-0000-0000-0000-00000000000b', 'de000003-0000-0000-0000-000000000003', '松本 十郎',  NULL, 'active'),
  -- フィンテック開発部
  ('ee00000c-0000-0000-0000-00000000000c', 'de000004-0000-0000-0000-000000000004', '井上 康介',  8000, 'active'),
  ('ee00000d-0000-0000-0000-00000000000d', 'de000004-0000-0000-0000-000000000004', '木村 亜希',  7500, 'active'),
  ('ee00000e-0000-0000-0000-00000000000e', 'de000004-0000-0000-0000-000000000004', '林 翔太',    NULL, 'active'),
  -- ヘルスケア開発部
  ('ee00000f-0000-0000-0000-00000000000f', 'de000005-0000-0000-0000-000000000005', '清水 さくら', 6500, 'active'),
  ('ee000010-0000-0000-0000-000000000010', 'de000005-0000-0000-0000-000000000005', '山崎 大輝',  NULL, 'active'),
  -- QA
  ('ee000011-0000-0000-0000-000000000011', 'de000006-0000-0000-0000-000000000006', '森 テスト太郎', 5500, 'active'),
  ('ee000012-0000-0000-0000-000000000012', 'de000006-0000-0000-0000-000000000006', '池田 品質子',   NULL, 'active'),
  -- インフラ
  ('ee000013-0000-0000-0000-000000000013', 'de000007-0000-0000-0000-000000000007', '橋本 インフラ', 9000, 'active'),
  -- デザイン
  ('ee000014-0000-0000-0000-000000000014', 'de000008-0000-0000-0000-000000000008', '石田 デザイン', 6000, 'active');

-- ────────────────────────────────────────
-- プロジェクト
-- ────────────────────────────────────────
INSERT INTO projects (id, service_id, name, description, status, planned_start_date, planned_end_date, actual_start_date, budget) VALUES
  -- CloudHR Pro
  ('bb000001-0000-0000-0000-000000000001', 'e0000001-0000-0000-0000-000000000001', 'CloudHR Pro v3.0 給与計算エンジン刷新',
   '給与計算処理のパフォーマンス改善と新税制対応', 'completed',
   '2025-04-01', '2025-09-30', '2025-04-05', 15000000),
  ('bb000002-0000-0000-0000-000000000002', 'e0000001-0000-0000-0000-000000000001', 'CloudHR Pro モバイルアプリ開発',
   'iOS/Android向けモバイルアプリの新規開発', 'active',
   '2025-10-01', '2026-06-30', '2025-10-07', 28000000),
  -- SmartCRM
  ('bb000003-0000-0000-0000-000000000003', 'e0000002-0000-0000-0000-000000000002', 'SmartCRM AI提案機能実装',
   '機械学習を活用した営業提案自動化機能', 'active',
   '2025-11-01', '2026-04-30', '2025-11-10', 12000000),
  -- StreamNow
  ('bb000004-0000-0000-0000-000000000004', 'e0000007-0000-0000-0000-000000000007', 'StreamNow 4K配信対応',
   '4K/HDR配信インフラ整備とプレイヤー改善', 'completed',
   '2025-06-01', '2025-12-31', '2025-06-03', 20000000),
  ('bb000005-0000-0000-0000-000000000005', 'e0000007-0000-0000-0000-000000000007', 'StreamNow レコメンドエンジン改善',
   'ユーザー行動データを活用した推薦精度向上', 'active',
   '2026-01-01', '2026-07-31', '2026-01-06', 18000000),
  -- PayEasy
  ('bb000006-0000-0000-0000-000000000006', 'e000000b-0000-0000-0000-00000000000b', 'PayEasy セキュリティ強化対応',
   'PCI DSS準拠強化・多要素認証導入', 'active',
   '2025-10-01', '2026-03-31', '2025-10-02', 22000000),
  -- FitTracker
  ('bb000007-0000-0000-0000-000000000007', 'e000000e-0000-0000-0000-00000000000e', 'FitTracker ウェアラブル連携機能',
   'Apple Watch / Garmin との連携機能実装', 'active',
   '2025-12-01', '2026-05-31', '2025-12-03', 9000000),
  -- HealthDiary
  ('bb000008-0000-0000-0000-000000000008', 'e000000f-0000-0000-0000-00000000000f', 'HealthDiary 医師連携機能',
   'かかりつけ医へのデータ共有機能', 'planning',
   '2026-04-01', '2026-12-31', NULL, 16000000);

-- ────────────────────────────────────────
-- スプリント
-- ────────────────────────────────────────
INSERT INTO sprints (id, project_id, name, goal, status, start_date, end_date, planned_velocity, actual_velocity) VALUES
  -- proj-002: CloudHR Mobile (進行中プロジェクト)
  ('aa000001-0000-0000-0000-000000000001', 'bb000002-0000-0000-0000-000000000002', 'Sprint 1', '基盤アーキテクチャ構築・認証機能実装',     'completed', '2025-10-07', '2025-10-20', 40, 38),
  ('aa000002-0000-0000-0000-000000000002', 'bb000002-0000-0000-0000-000000000002', 'Sprint 2', '給与明細閲覧・有休申請機能',               'completed', '2025-10-21', '2025-11-03', 42, 40),
  ('aa000003-0000-0000-0000-000000000003', 'bb000002-0000-0000-0000-000000000002', 'Sprint 3', '勤怠打刻・シフト確認機能',                 'completed', '2025-11-04', '2025-11-17', 40, 35),
  ('aa000004-0000-0000-0000-000000000004', 'bb000002-0000-0000-0000-000000000002', 'Sprint 4', '通知機能・設定画面実装',                   'completed', '2025-11-18', '2025-12-01', 38, 37),
  ('aa000005-0000-0000-0000-000000000005', 'bb000002-0000-0000-0000-000000000002', 'Sprint 5', 'iOS/Android向けリリース最適化・不具合修正', 'completed', '2025-12-02', '2025-12-15', 35, 33),
  ('aa000006-0000-0000-0000-000000000006', 'bb000002-0000-0000-0000-000000000002', 'Sprint 6', '管理者向け機能・権限管理実装',              'completed', '2025-12-16', '2025-12-29', 40, 38),
  ('aa000007-0000-0000-0000-000000000007', 'bb000002-0000-0000-0000-000000000002', 'Sprint 7', 'レポート・集計機能実装',                   'completed', '2026-01-06', '2026-01-19', 42, 41),
  ('aa000008-0000-0000-0000-000000000008', 'bb000002-0000-0000-0000-000000000002', 'Sprint 8', '外部連携API実装（マイナンバー等）',         'active',    '2026-01-20', '2026-02-02', 40, 22),
  -- proj-005: StreamNow レコメンド
  ('aa000009-0000-0000-0000-000000000009', 'bb000005-0000-0000-0000-000000000005', 'Sprint 1', 'データ収集基盤構築',    'completed', '2026-01-06', '2026-01-19', 36, 34),
  ('aa00000a-0000-0000-0000-00000000000a', 'bb000005-0000-0000-0000-000000000005', 'Sprint 2', 'MLモデル設計・プロトタイプ', 'active', '2026-01-20', '2026-02-02', 38, 18),
  -- proj-006: PayEasy セキュリティ
  ('aa00000b-0000-0000-0000-00000000000b', 'bb000006-0000-0000-0000-000000000006', 'Sprint 1', 'セキュリティ診断・脆弱性洗い出し', 'completed', '2025-10-02', '2025-10-15', 30, 30),
  ('aa00000c-0000-0000-0000-00000000000c', 'bb000006-0000-0000-0000-000000000006', 'Sprint 2', 'MFA導入・セッション管理強化',       'completed', '2025-10-16', '2025-10-29', 32, 28),
  ('aa00000d-0000-0000-0000-00000000000d', 'bb000006-0000-0000-0000-000000000006', 'Sprint 3', 'PCI DSS対応・暗号化強化',           'completed', '2025-10-30', '2025-11-12', 35, 33),
  ('aa00000e-0000-0000-0000-00000000000e', 'bb000006-0000-0000-0000-000000000006', 'Sprint 4', '不正検知システム実装',               'completed', '2025-11-13', '2025-11-26', 33, 31),
  ('aa00000f-0000-0000-0000-00000000000f', 'bb000006-0000-0000-0000-000000000006', 'Sprint 5', 'ペネトレーションテスト対応',         'completed', '2025-11-27', '2025-12-10', 30, 28),
  ('aa000010-0000-0000-0000-000000000010', 'bb000006-0000-0000-0000-000000000006', 'Sprint 6', '最終レビュー・ドキュメント整備',     'active',    '2025-12-11', '2025-12-24', 28, 15);

-- ────────────────────────────────────────
-- チケット（proj-002 / proj-005 / proj-006 の一部）
-- ────────────────────────────────────────
INSERT INTO tickets (id, project_id, sprint_id, assignee_id, title, ticket_type, priority, status, story_points, estimated_hours, started_at, completed_at) VALUES
  -- proj-002 Sprint 8 (active)
  ('cc000001-0000-0000-0000-000000000001', 'bb000002-0000-0000-0000-000000000002', 'aa000008-0000-0000-0000-000000000008', 'ee000001-0000-0000-0000-000000000001', 'マイナンバーAPI連携実装',         'feature',     'high',   'in_progress', 8,  20.0, now() - interval '5 days', NULL),
  ('cc000002-0000-0000-0000-000000000002', 'bb000002-0000-0000-0000-000000000002', 'aa000008-0000-0000-0000-000000000008', 'ee000002-0000-0000-0000-000000000002', '社会保険連携APIの設計',           'feature',     'high',   'done',        5,  12.0, now() - interval '10 days', now() - interval '3 days'),
  ('cc000003-0000-0000-0000-000000000003', 'bb000002-0000-0000-0000-000000000002', 'aa000008-0000-0000-0000-000000000008', 'ee000003-0000-0000-0000-000000000003', '給与明細PDF出力バグ修正',         'bug',         'medium', 'done',        3,  6.0,  now() - interval '8 days',  now() - interval '5 days'),
  ('cc000004-0000-0000-0000-000000000004', 'bb000002-0000-0000-0000-000000000002', 'aa000008-0000-0000-0000-000000000008', 'ee000004-0000-0000-0000-000000000004', 'Android 14対応確認・修正',        'improvement', 'medium', 'review',      5,  10.0, now() - interval '4 days', NULL),
  ('cc000005-0000-0000-0000-000000000005', 'bb000002-0000-0000-0000-000000000002', 'aa000008-0000-0000-0000-000000000008', NULL,       'iOS Push通知 silent push対応',    'feature',     'low',    'open',        3,  6.0,  NULL, NULL),
  -- proj-005 Sprint 2 (active)
  ('cc000006-0000-0000-0000-000000000006', 'bb000005-0000-0000-0000-000000000005', 'aa00000a-0000-0000-0000-00000000000a', 'ee000009-0000-0000-0000-000000000009', 'コラボレーティブフィルタリング実装', 'feature', 'high',   'in_progress', 8,  24.0, now() - interval '3 days', NULL),
  ('cc000007-0000-0000-0000-000000000007', 'bb000005-0000-0000-0000-000000000005', 'aa00000a-0000-0000-0000-00000000000a', 'ee00000a-0000-0000-0000-00000000000a', 'モデル評価基盤の構築',            'task',        'medium', 'done',        5,  14.0, now() - interval '9 days',  now() - interval '2 days'),
  ('cc000008-0000-0000-0000-000000000008', 'bb000005-0000-0000-0000-000000000005', 'aa00000a-0000-0000-0000-00000000000a', 'ee00000b-0000-0000-0000-00000000000b', 'A/Bテスト配信フレームワーク設計', 'feature',     'high',   'review',      5,  12.0, now() - interval '5 days', NULL),
  ('cc000009-0000-0000-0000-000000000009', 'bb000005-0000-0000-0000-000000000005', 'aa00000a-0000-0000-0000-00000000000a', NULL,       'データパイプラインパフォーマンス改善', 'improvement', 'medium', 'open', 3, 8.0, NULL, NULL),
  -- proj-006 Sprint 6 (active)
  ('cc00000a-0000-0000-0000-00000000000a', 'bb000006-0000-0000-0000-000000000006', 'aa000010-0000-0000-0000-000000000010', 'ee00000c-0000-0000-0000-00000000000c', 'セキュリティ監査レポート作成',    'task',        'critical', 'in_progress', 5, 15.0, now() - interval '2 days', NULL),
  ('cc00000b-0000-0000-0000-00000000000b', 'bb000006-0000-0000-0000-000000000006', 'aa000010-0000-0000-0000-000000000010', 'ee00000d-0000-0000-0000-00000000000d', '脆弱性修正確認テスト',            'task',        'high',   'done',        8,  20.0, now() - interval '12 days', now() - interval '6 days'),
  ('cc00000c-0000-0000-0000-00000000000c', 'bb000006-0000-0000-0000-000000000006', 'aa000010-0000-0000-0000-000000000010', 'ee000011-0000-0000-0000-000000000011', 'PCI DSS準拠ドキュメント整備',     'task',        'high',   'review',      5,  12.0, now() - interval '7 days', NULL),
  ('cc00000d-0000-0000-0000-00000000000d', 'bb000006-0000-0000-0000-000000000006', 'aa000010-0000-0000-0000-000000000010', NULL,       '3Dセキュア2.0テスト実施',         'task',        'medium', 'open',        3,  8.0,  NULL, NULL),
  -- proj-007 FitTracker (active, backlog)
  ('cc00000e-0000-0000-0000-00000000000e', 'bb000007-0000-0000-0000-000000000007', NULL, 'ee00000f-0000-0000-0000-00000000000f', 'Apple Watch HealthKit連携基盤実装', 'feature', 'high', 'in_progress', 8, 20.0, now() - interval '14 days', NULL),
  ('cc00000f-0000-0000-0000-00000000000f', 'bb000007-0000-0000-0000-000000000007', NULL, 'ee000010-0000-0000-0000-000000000010', 'Garmin Connect API調査・POC',       'task',    'high', 'done',        5, 12.0, now() - interval '20 days', now() - interval '7 days'),
  ('cc000010-0000-0000-0000-000000000010', 'bb000007-0000-0000-0000-000000000007', NULL, 'ee000014-0000-0000-0000-000000000014', 'ウェアラブルデータUI設計',           'task',    'medium', 'open',     3,  8.0, NULL, NULL);

-- ────────────────────────────────────────
-- 工数実績ログ（過去6週間分、主要チケット）
-- ────────────────────────────────────────
INSERT INTO work_logs (ticket_id, member_id, work_date, hours, description, hourly_rate_snapshot, cost) VALUES
  ('cc000001-0000-0000-0000-000000000001', 'ee000001-0000-0000-0000-000000000001', now()::DATE - 5, 6.0, 'マイナンバーAPI仕様確認・実装',     7000, 42000),
  ('cc000001-0000-0000-0000-000000000001', 'ee000001-0000-0000-0000-000000000001', now()::DATE - 4, 7.0, 'APIクライアント実装',               7000, 49000),
  ('cc000002-0000-0000-0000-000000000002', 'ee000002-0000-0000-0000-000000000002', now()::DATE - 10, 6.0, '社会保険API設計書作成',            6500, 39000),
  ('cc000002-0000-0000-0000-000000000002', 'ee000002-0000-0000-0000-000000000002', now()::DATE - 9,  6.0, '設計レビュー対応',                 6500, 39000),
  ('cc000003-0000-0000-0000-000000000003', 'ee000003-0000-0000-0000-000000000003', now()::DATE - 8,  3.0, 'バグ原因調査',                     6000, 18000),
  ('cc000003-0000-0000-0000-000000000003', 'ee000003-0000-0000-0000-000000000003', now()::DATE - 7,  3.0, '修正実装・ユニットテスト',         6000, 18000),
  ('cc000004-0000-0000-0000-000000000004', 'ee000004-0000-0000-0000-000000000004', now()::DATE - 4,  5.0, 'Android 14端末確認・修正',         6500, 32500),
  ('cc000006-0000-0000-0000-000000000006', 'ee000009-0000-0000-0000-000000000009', now()::DATE - 3,  8.0, 'フィルタリングアルゴリズム実装',   7000, 56000),
  ('cc000007-0000-0000-0000-000000000007', 'ee00000a-0000-0000-0000-00000000000a', now()::DATE - 9,  7.0, '評価基盤設計・実装',               6200, 43400),
  ('cc000007-0000-0000-0000-000000000007', 'ee00000a-0000-0000-0000-00000000000a', now()::DATE - 8,  7.0, '評価メトリクス実装',               6200, 43400),
  ('cc000008-0000-0000-0000-000000000008', 'ee00000b-0000-0000-0000-00000000000b', now()::DATE - 5,  6.0, 'A/Bフレームワーク設計',            6200, 37200),
  ('cc00000a-0000-0000-0000-00000000000a', 'ee00000c-0000-0000-0000-00000000000c', now()::DATE - 2,  7.0, '監査レポート作成',                 8000, 56000),
  ('cc00000b-0000-0000-0000-00000000000b', 'ee00000d-0000-0000-0000-00000000000d', now()::DATE - 12, 8.0, '脆弱性確認テスト実施',             7500, 60000),
  ('cc00000b-0000-0000-0000-00000000000b', 'ee00000d-0000-0000-0000-00000000000d', now()::DATE - 11, 6.0, '確認テスト追加・エビデンス整理',   7500, 45000),
  ('cc00000b-0000-0000-0000-00000000000b', 'ee000011-0000-0000-0000-000000000011', now()::DATE - 10, 6.0, 'QA確認テスト',                     5500, 33000),
  ('cc00000c-0000-0000-0000-00000000000c', 'ee000011-0000-0000-0000-000000000011', now()::DATE - 7,  6.0, 'ドキュメントレビュー',             5500, 33000),
  ('cc00000e-0000-0000-0000-00000000000e', 'ee00000f-0000-0000-0000-00000000000f', now()::DATE - 14, 4.0, 'HealthKit SDK調査',                6500, 26000),
  ('cc00000e-0000-0000-0000-00000000000e', 'ee00000f-0000-0000-0000-00000000000f', now()::DATE - 13, 6.0, '連携基盤実装',                     6500, 39000),
  ('cc00000e-0000-0000-0000-00000000000e', 'ee00000f-0000-0000-0000-00000000000f', now()::DATE - 12, 6.0, '実装・動作確認',                   6500, 39000),
  ('cc00000f-0000-0000-0000-00000000000f', 'ee000010-0000-0000-0000-000000000010', now()::DATE - 20, 4.0, 'Garmin API ドキュメント調査',      6000, 24000),
  ('cc00000f-0000-0000-0000-00000000000f', 'ee000010-0000-0000-0000-000000000010', now()::DATE - 19, 8.0, 'POC実装・動作確認',                6000, 48000);

-- ────────────────────────────────────────
-- プルリクエスト
-- ────────────────────────────────────────
INSERT INTO pull_requests (id, project_id, pr_number, title, author_id, status, base_branch, head_branch, changed_files, additions, deletions, opened_at, merged_at) VALUES
  ('d0000001-0000-0000-0000-000000000001', 'bb000002-0000-0000-0000-000000000002', 1, 'feat: 社会保険API連携設計書レビュー対応', 'ee000002-0000-0000-0000-000000000002', 'merged', 'develop', 'feature/social-insurance-api', 8,  320, 45, now() - interval '9 days', now() - interval '7 days'),
  ('d0000002-0000-0000-0000-000000000002', 'bb000002-0000-0000-0000-000000000002', 2, 'fix: 給与明細PDF出力バグ修正',            'ee000003-0000-0000-0000-000000000003', 'merged', 'develop', 'fix/pdf-output-bug',           4,  85,  32, now() - interval '7 days', now() - interval '5 days'),
  ('d0000003-0000-0000-0000-000000000003', 'bb000002-0000-0000-0000-000000000002', 3, 'feat: マイナンバーAPIクライアント実装',   'ee000001-0000-0000-0000-000000000001', 'open',   'develop', 'feature/my-number-api',        12, 480, 20, now() - interval '2 days', NULL),
  ('d0000004-0000-0000-0000-000000000004', 'bb000002-0000-0000-0000-000000000002', 4, 'chore: Android 14対応確認・修正',          'ee000004-0000-0000-0000-000000000004', 'open',   'develop', 'fix/android14-compat',         6,  95,  18, now() - interval '3 days', NULL),
  ('d0000005-0000-0000-0000-000000000005', 'bb000005-0000-0000-0000-000000000005', 1, 'feat: モデル評価基盤構築',                  'ee00000a-0000-0000-0000-00000000000a', 'merged', 'develop', 'feature/model-evaluation',     15, 620, 80, now() - interval '8 days', now() - interval '4 days'),
  ('d0000006-0000-0000-0000-000000000006', 'bb000005-0000-0000-0000-000000000005', 2, 'feat: A/Bテスト配信フレームワーク',         'ee00000b-0000-0000-0000-00000000000b', 'open',   'develop', 'feature/ab-test-framework',    10, 385, 42, now() - interval '4 days', NULL),
  ('d0000007-0000-0000-0000-000000000007', 'bb000006-0000-0000-0000-000000000006', 1, 'test: 脆弱性修正確認テスト結果',            'ee000011-0000-0000-0000-000000000011', 'merged', 'main',    'test/security-verification',   20, 850, 120, now() - interval '10 days', now() - interval '6 days'),
  ('d0000008-0000-0000-0000-000000000008', 'bb000006-0000-0000-0000-000000000006', 2, 'docs: PCI DSS準拠ドキュメント',             'ee000011-0000-0000-0000-000000000011', 'open',   'main',    'docs/pci-dss-compliance',       5,  280, 15, now() - interval '6 days', NULL),
  ('d0000009-0000-0000-0000-000000000009', 'bb000007-0000-0000-0000-000000000007', 1, 'feat: HealthKit連携基盤実装',               'ee00000f-0000-0000-0000-00000000000f', 'open',   'develop', 'feature/healthkit-integration', 18, 720, 35, now() - interval '2 days', NULL);

-- PRレビュー
INSERT INTO pr_reviews (pull_request_id, reviewer_id, status, submitted_at) VALUES
  ('d0000001-0000-0000-0000-000000000001', 'ee000001-0000-0000-0000-000000000001', 'approved',           now() - interval '8 days'),
  ('d0000002-0000-0000-0000-000000000002', 'ee000001-0000-0000-0000-000000000001', 'approved',           now() - interval '6 days'),
  ('d0000003-0000-0000-0000-000000000003', 'ee000002-0000-0000-0000-000000000002', 'changes_requested',  now() - interval '1 day'),
  ('d0000004-0000-0000-0000-000000000004', 'ee000001-0000-0000-0000-000000000001', 'commented',          now() - interval '2 days'),
  ('d0000005-0000-0000-0000-000000000005', 'ee000009-0000-0000-0000-000000000009', 'approved',           now() - interval '5 days'),
  ('d0000006-0000-0000-0000-000000000006', 'ee000009-0000-0000-0000-000000000009', 'changes_requested',  now() - interval '3 days'),
  ('d0000007-0000-0000-0000-000000000007', 'ee00000c-0000-0000-0000-00000000000c', 'approved',           now() - interval '7 days'),
  ('d0000008-0000-0000-0000-000000000008', 'ee00000c-0000-0000-0000-00000000000c', 'commented',          now() - interval '5 days');

-- PRとチケットの関連
INSERT INTO pr_ticket_links (pull_request_id, ticket_id) VALUES
  ('d0000001-0000-0000-0000-000000000001', 'cc000002-0000-0000-0000-000000000002'),
  ('d0000002-0000-0000-0000-000000000002', 'cc000003-0000-0000-0000-000000000003'),
  ('d0000003-0000-0000-0000-000000000003', 'cc000001-0000-0000-0000-000000000001'),
  ('d0000004-0000-0000-0000-000000000004', 'cc000004-0000-0000-0000-000000000004'),
  ('d0000005-0000-0000-0000-000000000005', 'cc000007-0000-0000-0000-000000000007'),
  ('d0000006-0000-0000-0000-000000000006', 'cc000008-0000-0000-0000-000000000008'),
  ('d0000007-0000-0000-0000-000000000007', 'cc00000b-0000-0000-0000-00000000000b'),
  ('d0000008-0000-0000-0000-000000000008', 'cc00000c-0000-0000-0000-00000000000c'),
  ('d0000009-0000-0000-0000-000000000009', 'cc00000e-0000-0000-0000-00000000000e');

-- ────────────────────────────────────────
-- スプリント指標 日次スナップショット（バーンダウン用）
-- proj-002 Sprint 8 の直近10日分
-- ────────────────────────────────────────
INSERT INTO sprint_metric_daily (sprint_id, date, remaining_story_points, remaining_hours, completed_tickets)
SELECT
    'aa000008-0000-0000-0000-000000000008',
    ('2026-01-20'::DATE + (i || ' days')::INTERVAL)::DATE,
    GREATEST(0, 40 - i * 2),
    GREATEST(0, 100.0 - i * 5.5),
    LEAST(i, 10)
FROM generate_series(0, 13) AS s(i);

INSERT INTO sprint_metric_daily (sprint_id, date, remaining_story_points, remaining_hours, completed_tickets)
SELECT
    'aa00000a-0000-0000-0000-00000000000a',
    ('2026-01-20'::DATE + (i || ' days')::INTERVAL)::DATE,
    GREATEST(0, 38 - i * 3),
    GREATEST(0, 90.0 - i * 6),
    LEAST(i, 9)
FROM generate_series(0, 13) AS s(i);
